<?xml version="1.0" encoding="UTF-8"?>
<!DOCTYPE attributes PUBLIC "-//NetBeans//DTD DefaultAttributes 1.0//EN" "http://www.netbeans.org/dtds/attributes-1_0.dtd">
<attributes version="1.0">
    <fileobject name="|home|nexor|.cache|netbeans|10.0|index|s52|java|15|gensrc|java|awt|Component.java">
        <attr name="classfile-binaryName" stringvalue="java/awt/Component"/>
        <attr name="classfile-root" urlvalue="jar:file:/usr/lib/jvm/default/jre/lib/rt.jar!/"/>
        <attr name="disable-java-errors" boolvalue="true"/>
        <attr name="origin-hash" stringvalue="C6DCD6CE5A2A0F7D362F2EBAD7393BFF"/>
    </fileobject>
    <fileobject name="|home|nexor|sys4bank|prog|s4Utils|nbproject|private|profiler">
        <attr name="settingsFor" urlvalue="file:/home/nexor/sys4bank/prog/s4Utils/"/>
    </fileobject>
    <fileobject name="|mnt|4ADE1465DE144C17|sys4bank|s4Desk|nbproject|private|profiler">
        <attr name="settingsFor" urlvalue="file:/mnt/4ADE1465DE144C17/sys4bank/s4Desk/"/>
    </fileobject>
</attributes>
