<?xml version="1.0" encoding="UTF-8"?>
<!DOCTYPE attributes PUBLIC "-//NetBeans//DTD DefaultAttributes 1.0//EN" "http://www.netbeans.org/dtds/attributes-1_0.dtd">
<attributes version="1.0">
    <fileobject name="|mnt|4ADE1465DE144C17|sys4bank|s4Corp|nbproject|private|profiler">
        <attr name="settingsFor" urlvalue="file:/mnt/4ADE1465DE144C17/sys4bank/s4Corp/"/>
    </fileobject>
    <fileobject name="|mnt|4ADE1465DE144C17|sys4bank|s4Desk|nbproject|private|profiler">
        <attr name="settingsFor" urlvalue="file:/mnt/4ADE1465DE144C17/sys4bank/s4Desk/"/>
    </fileobject>
    <fileobject name="|mnt|4ADE1465DE144C17|sys4bank|s4Utils|nbproject|private|profiler">
        <attr name="settingsFor" urlvalue="file:/mnt/4ADE1465DE144C17/sys4bank/s4Utils/"/>
    </fileobject>
    <fileobject name="|mnt|4ADE1465DE144C17|sys4bank|s4Utils|src|s4view|JComboBoxBDFiltrada.java">
        <attr name="originalFile" stringvalue="JComboBoxFiltrada.java"/>
    </fileobject>
</attributes>
