<?xml version="1.0" encoding="UTF-8"?>
<!DOCTYPE attributes PUBLIC "-//NetBeans//DTD DefaultAttributes 1.0//EN" "http://www.netbeans.org/dtds/attributes-1_0.dtd">
<attributes version="1.0">
    <fileobject name="|home|nexor|.cache|netbeans|10.0|index|s17|java|15|gensrc|java|util|LinkedHashMap.java">
        <attr name="classfile-binaryName" stringvalue="java/util/LinkedHashMap"/>
        <attr name="classfile-root" urlvalue="jar:file:/usr/lib/jvm/default/jre/lib/rt.jar!/"/>
        <attr name="disable-java-errors" boolvalue="true"/>
        <attr name="origin-hash" stringvalue="0235AFFB0BE36215D9087A88279442E9"/>
    </fileobject>
    <fileobject name="|home|nexor|.cache|netbeans|10.0|index|s39|java|15|gensrc|junit|framework|TestCase.java">
        <attr name="classfile-binaryName" stringvalue="junit/framework/TestCase"/>
        <attr name="classfile-root" urlvalue="jar:file:/mnt/4ADE1465DE144C17/sys4bank/s4Utils/lib/grafico/junit-4.11.jar!/"/>
        <attr name="disable-java-errors" boolvalue="true"/>
        <attr name="origin-hash" stringvalue="75AAFD2527BDB0FFC4708C274D201B7F"/>
    </fileobject>
    <fileobject name="|mnt|4ADE1465DE144C17|sys4bank|s4Corp|nbproject|private|profiler">
        <attr name="settingsFor" urlvalue="file:/mnt/4ADE1465DE144C17/sys4bank/s4Corp/"/>
    </fileobject>
    <fileobject name="|mnt|4ADE1465DE144C17|sys4bank|s4Desk|nbproject|private|profiler">
        <attr name="settingsFor" urlvalue="file:/mnt/4ADE1465DE144C17/sys4bank/s4Desk/"/>
    </fileobject>
    <fileobject name="|mnt|4ADE1465DE144C17|sys4bank|s4Utils|nbproject|private|profiler">
        <attr name="settingsFor" urlvalue="file:/mnt/4ADE1465DE144C17/sys4bank/s4Utils/"/>
    </fileobject>
    <fileobject name="|mnt|4ADE1465DE144C17|sys4bank|s4Utils|src|s4view|JComboBoxBDFiltrada.java">
        <attr name="originalFile" stringvalue="JComboBoxFiltrada.java"/>
    </fileobject>
    <fileobject name="|mnt|4ADE1465DE144C17|sys4bank|s4Utils|test|TestCadGenCoreCorp.java">
        <attr name="originalFile" stringvalue="TestCadGenCoreFlow.java"/>
    </fileobject>
</attributes>
