<?xml version="1.0" encoding="UTF-8"?>
<!DOCTYPE attributes PUBLIC "-//NetBeans//DTD DefaultAttributes 1.0//EN" "http://www.netbeans.org/dtds/attributes-1_0.dtd">
<attributes version="1.0">
    <fileobject name="|home|nexor|.cache|netbeans|10.0|index|s46|java|15|gensrc|org|jfree|ui|DateCellRenderer.java">
        <attr name="classfile-binaryName" stringvalue="org/jfree/ui/DateCellRenderer"/>
        <attr name="classfile-root" urlvalue="jar:file:/home/nexor/sys4bank/prog/s4Utils/lib/grafico/jcommon-1.0.23.jar!/"/>
        <attr name="disable-java-errors" boolvalue="true"/>
        <attr name="origin-hash" stringvalue="46B3D8FB2354FF491B9B4667CCB61718"/>
    </fileobject>
    <fileobject name="|home|nexor|.cache|netbeans|10.0|index|s52|java|15|gensrc|javax|swing|table|TableColumnModel.java">
        <attr name="classfile-binaryName" stringvalue="javax/swing/table/TableColumnModel"/>
        <attr name="classfile-root" urlvalue="jar:file:/usr/lib/jvm/default/jre/lib/rt.jar!/"/>
        <attr name="disable-java-errors" boolvalue="true"/>
        <attr name="origin-hash" stringvalue="7767EE3B06DFE2B8D6908310A10F25CC"/>
    </fileobject>
    <fileobject name="|home|nexor|.cache|netbeans|10.0|index|s52|java|15|gensrc|java|awt|Component.java">
        <attr name="classfile-binaryName" stringvalue="java/awt/Component"/>
        <attr name="classfile-root" urlvalue="jar:file:/usr/lib/jvm/default/jre/lib/rt.jar!/"/>
        <attr name="disable-java-errors" boolvalue="true"/>
        <attr name="origin-hash" stringvalue="C6DCD6CE5A2A0F7D362F2EBAD7393BFF"/>
    </fileobject>
    <fileobject name="|home|nexor|.cache|netbeans|10.0|index|s66|java|15|gensrc|s4view|TelaCadastroGenerica.java">
        <attr name="classfile-binaryName" stringvalue="s4view/TelaCadastroGenerica"/>
        <attr name="classfile-root" urlvalue="jar:file:/mnt/4ADE1465DE144C17/sys4bank/s4Utils/s4Utils.jar!/"/>
        <attr name="disable-java-errors" boolvalue="true"/>
        <attr name="origin-hash" stringvalue="E9B599773DB9A73BD0C47E545B14A18E"/>
    </fileobject>
    <fileobject name="|home|nexor|sys4bank|prog|s4Utils|nbproject|private|profiler">
        <attr name="settingsFor" urlvalue="file:/home/nexor/sys4bank/prog/s4Utils/"/>
    </fileobject>
    <fileobject name="|mnt|4ADE1465DE144C17|sys4bank|s4Corp|nbproject|private|profiler">
        <attr name="settingsFor" urlvalue="file:/mnt/4ADE1465DE144C17/sys4bank/s4Corp/"/>
    </fileobject>
    <fileobject name="|mnt|4ADE1465DE144C17|sys4bank|s4Corp|src|s4corp|view|Cadastro_ficha_pessoa_fisica.java">
        <attr name="originalFile" stringvalue="Cadastro_ficha_pessoa_fisica2.java"/>
    </fileobject>
    <fileobject name="|mnt|4ADE1465DE144C17|sys4bank|s4Desk|nbproject|private|profiler">
        <attr name="settingsFor" urlvalue="file:/mnt/4ADE1465DE144C17/sys4bank/s4Desk/"/>
    </fileobject>
</attributes>
